Full Address,Latitude,Longitude
195 LEXINGTON ST EAST BOSTON MA 2128 ,42.379381,-71.0326032
197 LEXINGTON ST EAST BOSTON MA 2128 ,42.3794213,-71.0325154
199 LEXINGTON ST EAST BOSTON MA 2128 ,42.3794498,-71.0325282
PO BOX 557 # EVERETT MA 2149 ,42.40843,-71.0536625
203 Lexington ST EAST BOSTON MA 2128 ,42.3795581,-71.0323458
28 LAUDHOLM RD NEWTON MA 2458 ,42.3479229,-71.1936436
-211 209 LEXINGTON ST EAST BOSTON MA 2128 ,42.3794918,-71.0322001
213 LEXINGTON ST E BOSTON MA 2128 ,42.3795162,-71.0320926
215 LEXINGTON ST EAST BOSTON MA 2128 ,42.3795771,-71.031971
217 LEXINGTON ST UNIT 1 BOSTON MA 2128 ,42.3796321,-71.0318876
219 LEXINGTON ST EAST BOSTON MA 2128 ,42.3796248,-71.0318603
221 LEXINGTON ST EAST BOSTON MA 2128 ,42.3796911,-71.031814
103 ST ANDREW RD #2 E BOSTON MA 2128 ,42.3834703,-71.0003454
1408 BEACON ST SUITE 2 BROOKLINE MA 2446 ,42.3413751,-71.1253111
227 LEXINGTON ST EAST BOSTON MA 2128 ,42.3797646,-71.0314951
235 LEXINGTON ST EAST BOSTON MA 2128 ,42.3798368,-71.031321
22 MARSHALL ST REVERE MA 2151 ,42.4265704,-71.020131
"1 FRANKLIN ST, Unit 1609 BOSTON MA 2110 ",42.3563166,-71.0595573
239 LEXINGTON ST #1 EAST BOSTON MA 2128 ,42.3799095,-71.0311584
"239 LEXINGTON ST, Unit 2 EAST BOSTON MA 2128 ",42.3799095,-71.0311584
"239 Lexington ST, Unit 3 EAST BOSTON MA 2128 ",42.3799095,-71.0311584
"239 Lexington ST, Unit 4 EAST BOSTON MA 2128 ",42.379874,-71.031138
57 SWAN ST MALDEN MA 2148 ,42.4415009,-71.036579
"241 LEXINGTON ST, Unit 1 EAST BOSTON MA 2128 ",42.3799285,-71.0310897
"241 Lexington ST, Unit 2 EAST BOSTON MA 2128 ",42.3799285,-71.0310897
"241 Lexington ST, Unit 3 EAST BOSTON MA 2128 ",42.3799285,-71.0310897
243 LEXINGTON ST EAST BOSTON MA 2128 ,42.3799667,-71.0309959
243 HF LEXINGTON ST EAST BOSTON MA 2128 ,42.3771245,-71.0398937
245 LEXINGTON ST EAST BOSTON MA 2128 ,42.380025,-71.0309031
247 LEXINGTON ST E BOSTON MA 2128 ,42.3800091,-71.0308102
"50 FRANKLIN ST, Unit 400 BOSTON MA 2110 ",42.355777,-71.0585868
"249 LEXINGTON ST, Unit 1 EAST BOSTON MA 2128 ",42.3800888,-71.030754
"249 Lexington ST, Unit 2 EAST BOSTON MA 2128 ",42.3800595,-71.0307347
"249 LEXINGTON ST, Unit 3 EAST BOSTON MA 2128 ",42.3800888,-71.030754
153 COURT RD WINTHROP MA 2152 ,42.3738348,-70.9960205
31 PRESCOTT ST E BOSTON MA 2128 ,42.3799096,-71.0306033
33 PRESCOTT ST EAST BOSTON MA 2128 ,42.3798951,-71.0305781
35 PRESCOTT ST EAST BOSTON MA 2128 ,42.3798508,-71.0304676
37 PRESCOTT ST EAST BOSTON MA 2128 ,42.3797443,-71.0304329
4 Pine Tree DR METHUEN MA 1844 ,42.7746338,-71.1535316
250 PRINCETON ST EAST BOSTON MA 2128 ,42.3796964,-71.0307174
248 PRINCETON ST EAST BOSTON MA 2128 ,42.3796301,-71.0307638
246 PRINCETON ST EAST BOSTON MA 2128 ,42.3795831,-71.0308683
6 Angus WAY PELHAM NH 3076 ,42.7612091,-71.3371359
25 FOREST ST READING MA 1867 ,42.5412818,-71.1056963
240 PRINCETON ST EAST BOSTON MA 2128 ,42.3795374,-71.0310888
529 WALNUT ST SAUGUS MA 1906 ,42.4744994,-70.9948596
50 FRANKLIN STREET SUITE 400 BOSTON MA 2110 ,42.355777,-71.0585868
234 PRINCETON ST E BOSTON MA 2128 ,42.3794287,-71.031321
1535 BEACON ST NEWTON MA 2468 ,42.3289428,-71.2273041
63 G ST SOUTH BOSTON MA 2127 ,42.3338626,-71.0443579
"224 PRINCETON ST, Unit 1 EAST BOSTON MA 2128 ",42.3792909,-71.0315995
"224 PRINCETON ST, Unit 2 EAST BOSTON MA 2128 ",42.3792909,-71.0315995
"224 PRINCETON ST, Unit 3 EAST BOSTON MA 2128 ",42.3792909,-71.0315995
"224 PRINCETON ST, Unit 4 EAST BOSTON MA 2128 ",42.3792909,-71.0315995
"11 OCEAN PIER AVE, UNIT B REVERE MA 2151 ",42.4016113,-70.9883003
218 PRINCETON ST EAST BOSTON MA 2128 ,42.3792783,-71.0317969
216 PRINCETON ST EAST BOSTON MA 2128 ,42.3792644,-71.0318781
214 PRINCETON ST #1 EAST BOSTON MA 2128 ,42.3792347,-71.0319641
212 PRINCETON ST EAST BOSTON MA 2128 ,42.3791821,-71.0321037
"212 PRINCETON ST, Unit 1 EAST BOSTON MA 2128 ",42.3791867,-71.0320787
"212 PRINCETON ST, Unit 2 EAST BOSTON MA 2128 ",42.3791867,-71.0320787
143 BORDER ST EAST BOSTON MA 2128 ,42.3736639,-71.0404376
"50 FRANKLIN ST, Unit 400 BOSTON MA 2110 ",42.355777,-71.0585868
204 PRINCETON ST EAST BOSTON MA 2128 ,42.3790738,-71.0322088
202 PRINCETON ST EAST BOSTON MA 2128 ,42.3790414,-71.0322901
140 PLYMOUTH RD NEWTON MA 2461 ,42.3251572,-71.2153677
112 PUTNAM ST EAST BOSTON MA 2128 ,42.3791399,-71.0322783
110 PUTNAM ST EAST BOSTON MA 2128 ,42.3792492,-71.0324292
2121 COMMONWEALTH AVE #1 NEWTON MA 2466 ,42.3483395,-71.2486271
195 LEXINGTON ST EAST BOSTON MA 2128 ,42.379381,-71.0326032
254-256 BENNINGTON ST EAST BOSTON MA 2128 ,42.3786082,-71.0293602
376 WASHINGTON ST NORWELL MA 2061 ,42.1606153,-70.8605179
72 MARGINAL ST E BOSTON MA 2128 ,42.3666017,-71.0385022
68 70 Prescott ST EAST BOSTON MA 2128 ,42.3788485,-71.0294481
5 LITTLEFIELD RD NEWTON MA 2459 ,42.309276,-71.1855811
399 SARATOGA ST EAST BOSTON MA 2128 ,42.3789863,-71.029603
403 SARATOGA ST EAST BOSTON MA 2128 ,42.3790738,-71.0296218
7 EARL AV MEDORD MA 2155 ,42.4270443,-71.0994757
21 JANVRIN AVE REVERE MA 2151 ,42.4100311,-71.0053706
411 SARATOGA ST E BOSTON MA 2128 ,42.3791162,-71.029278
413 SARATOGA ST E BOSTON MA 2128 ,42.3791003,-71.0291851
10 OVERLOOK RIDGE DR #330 MALDEN MA 2148 ,42.4384671,-71.0211758
423 SARATOGA ST EAST BOSTON MA 2128 ,42.3792089,-71.028953
425 SARATOGA ST E BOSTON MA 2128 ,42.3792752,-71.0289066
427 SARATOGA ST EAST BOSTON MA 2128 ,42.3792318,-71.0287475
711 FELLSWAY WEST MEDFORD MA 2155 ,42.4339088,-71.1008382
431 SARATOGA ST EAST BOSTON MA 2128 ,42.37936,-71.0285351
438 SARATOGA ST EAST BOSTON MA 2128 ,42.3796356,-71.028628
443 SARATOGA ST EAST BOSTON MA 2128 ,42.3794496,-71.0283152
445 Saratoga ST EAST BOSTON MA 2128 ,42.3794686,-71.0283029
10 LEBEL ROAD DANVERS MA 1923 ,42.5725881,-70.9893454
143 BORDER ST E BOSTON MA 2128 ,42.3736639,-71.0404376
4 SEASONS PL #1101 BOSTON MA 2116 ,42.3600825,-71.0588801
38 TURNING MILL LA QUINCY MA 2169 ,42.2451558,-71.0448321
382 CHELSEA ST E BOSTON MA 2128 ,42.3793438,-71.0279991
42 FAIRVIEW TER MALDEN MA 2148 ,42.4336491,-71.04915
378A CHELSEA ST EAST BOSTON MA 2128 ,42.3793178,-71.0281797
100 DALE ST REVERE 2151 ,42.4128586,-71.0287633
36 RUMNEY RD REVERE MA 2151 ,42.4199461,-71.0073736
117 BOYLSTON ST MALDEN MA 2148 ,42.4239442,-71.0543826
282 BENNINGTON ST EAST BOSTON MA 2128 ,42.3789479,-71.0288369
59 WYVERN ST ROSLINDALE MA 2131 ,42.2873664,-71.1161838
290 BENNINGTON ST E BOSTON MA 2128 ,42.378997,-71.0285815
206 BURGESS AVE WESTWOOD MA 2090 ,42.2113595,-71.2449851
282 BENNINGTON ST EAST BOSTON MA 2128 ,42.3789479,-71.0288369
282 BENNINGTON ST EAST BOSTON MA 2128 ,42.3789479,-71.0288369
282 BENNINGTON ST EAST BOSTON MA 2128 ,42.3789479,-71.0288369
282 BENNINGTON ST EAST BOSTON MA 2128 ,42.3789479,-71.0288369
8 GIANNA DR SAUGUS MA 1906 ,42.5028667,-71.0283494
101 TREMONT ST SUITE 800J BOSTON MA 2108 ,42.3571562,-71.0609101
50 PRESCOTT ST EAST BOSTON MA 2128 ,42.379397,-71.0298352
2 CARLSON CI WEST ROXBURY MA 2132 ,42.2797554,-71.1626756
"25 CHANNEL CENTER ST, Unit 809 BOSTON MA 2210 ",42.3460654,-71.0507949
4105 SW NATIVESTONE ST BENTONVILLE AR 72713 ,36.3322489,-94.2570706
72 MARGINAL ST E BOSTON MA 2128 ,42.3666017,-71.0385022
267 269 PRINCETON ST EAST BOSTON MA 2128 ,42.3798587,-71.0294422
21 GRANITE DR LAKEWOOD NJ 8701 ,40.0545466,-74.2231753
273 PRINCETON ST #2 EAST BOSTON MA 2128 ,42.3799056,-71.029136
111 EVERETT AVE 2ND FL CHELSEA MA 2150 ,42.3950832,-71.0389583
398 MERIDIAN ST #2 EAST BOSTON MA 2128 ,42.3798593,-71.039489
281 PRINCETON ST E BOSTON MA 2128 ,42.3799468,-71.0289182
283 PRINCETON ST EAST BOSTON MA 2128 ,42.3800147,-71.0288751
"C 20 DELCARMINE ST, Unit STE 101 WAKEFIELD MA 1880 ",42.5017311,-71.0599625
175 POND ST WEYMOUTH MA 2190 ,42.1646082,-70.9600945
"285 PRINCETON ST, Unit 2 EAST BOSTON MA 2128 ",42.3800501,-71.0287648
"285 PRINCETON ST, Unit 3 EAST BOSTON MA 2128 ",42.3800501,-71.0287648
301 PRINCETON ST EAST BOSTON MA 2128 ,42.3800873,-71.0286431
14 VISTA AVE SALEM MA 1970 ,42.5089154,-70.9256777
33 BROAD ST 2ND FL BOSTON MA 2109 ,42.3584699,-71.054466
7 LAWSON PL EAST BOSTON MA 2128 ,42.3799569,-71.0285003
5 LAWSON PLACE EAST BOSTON MA 2128 ,42.3800854,-71.0283842
209 CHELSEA ST EVERETT MA 2149 ,42.4030766,-71.047354
209 CHELSEA ST EVERETT MA 2149 ,42.4030766,-71.047354
1 LAWSON PL EAST BOSTON MA 2128 ,42.3802155,-71.0284992
321 PRINCETON ST EAST BOSTON MA 2128 ,42.3802906,-71.0280007
13 PINEWOOD RD W PEABODY MA 1960 ,42.5496479,-71.0226383
13 PINEWOOD RD W PEABODY MA 1960 ,42.5496479,-71.0226383
17 WYMON WAY LYNNFIELD MA 1940 ,42.5331276,-71.0391213
468 SARATOGA ST EAST BOSTON MA 2128 ,42.3800415,-71.0277105
466 SARATOGA ST EAST BOSTON MA 2128 ,42.3799832,-71.0278034
464 Saratoga ST EAST BOSTON MA 2128 ,42.3799169,-71.0278498
462 Saratoga ST EAST BOSTON MA 2128 ,42.3798957,-71.0279428
343 WASHINGTON ST. STE 201 NEWTON MA 2458 ,42.3569581,-71.1876833
58 ARLINGTON AVE REVERE MA 2151 ,42.4038755,-70.9972626
"867 BOYLSTON ST, 5TH FL, #208 BOSTON MA 2116 ",42.3487414,-71.0834598
454 SARATOGA ST EAST BOSTON MA 2128 ,42.3797426,-71.0282981
442 SARATOGA ST EAST BOSTON MA 2128 ,42.3796943,-71.0285
442 SARATOGA ST EAST BOSTON MA 2128 ,42.3796943,-71.0285
438 SARATOGA ST EAST BOSTON MA 2128 ,42.3796356,-71.028628
438 SARATOGA ST EAST BOSTON MA 2128 ,42.3796356,-71.028628
432 SARATOGA ST EAST BOSTON MA 2128 ,42.3795932,-71.0288137
63 G ST SOUTH BOSTON MA 2127 ,42.3338626,-71.0443579
60 DUDLEY ST APT #109 CHELSEA MA 2150 ,42.3983101,-71.0216671
426 Saratoga ST EAST BOSTON MA 2128 ,42.3795686,-71.0289414
16 BRUSH HILL TERRACE BOSTON MA 2136 ,42.2451136,-71.1163269
422 Saratoga ST EAST BOSTON MA 2128 ,42.3794627,-71.0290965
C/O MICHAEL RABB 54 WINSTON RD NEWTON MA 2459 ,42.3112308,-71.1871359
"420 Saratoga ST, Unit 1 EAST BOSTON MA 2128 ",42.3794671,-71.0292022
"420 Saratoga ST, Unit 2 EAST BOSTON MA 2128 ",42.3794671,-71.0292022
C/O MICHAEL RABB 54 WINSTON RD NEWTON MA 2459 ,42.3112308,-71.1871359
416 SARATOGA ST EAST BOSTON MA 2128 ,42.3794138,-71.0292825
26 MOUNT WARNER RD HADLEY MA 1035 ,42.3798229,-72.5777156
10 STURTEVANT ROAD QUINCY MA 2169 ,42.2549314,-71.0143734
147 STRANDWAY WINTHROP MA 2152 ,42.3580371,-70.969517
410 SARATOGA ST #1 EAST BOSTON MA 2128 ,42.3793375,-71.02953
410 SARATOGA ST #2 EAST BOSTON MA 2128 ,42.3793375,-71.02953
"410 Saratoga ST, Unit 3 EAST BOSTON MA 2128 ",42.3793375,-71.02953
408 SARATOGA ST EAST BOSTON MA 2128 ,42.3792826,-71.0295949
244 SARATOGA ST EAST BOSTON MA 2128 ,42.3780983,-71.0326349
404 SARATOGA ST #3 EAST BOSTON MA 2128 ,42.3792374,-71.0297006
36 PRESCOTT ST APT 3 EAST BOSTON MA 2128 ,42.3799011,-71.0302285
253 LEXINGTON ST EAST BOSTON MA 2128 ,42.3802156,-71.0304386
50 FRANKLIN ST 3RD FLR BOSTON MA 2110 ,42.355777,-71.0585868
50 FRANKLIN ST 3RD FLOOR BOSTON MA 2110 ,42.355777,-71.0585868
265 LEXINGTON ST EAST BOSTON MA 2128 ,42.380335,-71.0301138
12 RIDGE STREET WINCHESTER MA 1890 ,42.436872,-71.1731422
"265 LEXINGTON ST, Unit 2 EAST BOSTON MA 2128 ",42.3803571,-71.0300335
22 Old Winter ST LINCOLN MA 1773 ,42.4188559,-71.2906921
265 LEXINGTON ST # 4 EAST BOSTON MA 2128 ,42.380304,-71.0299917
234 OLD MARLBORO RD CONCORD MA 1742 ,42.454657,-71.3679489
267 LEXINGTON ST #1 E BOSTON MA 2128 ,42.38043,-71.0299942
"267 Lexington ST, Unit 2 EAST BOSTON MA 2128 ",42.3803252,-71.0299525
267 LEXINGTON ST #3 E BOSTON MA 2128 ,42.38043,-71.0299942
"267 Lexington ST, Unit 4 EAST BOSTON MA 2128 ",42.3803252,-71.0299525
PO BOX 53 EAST BOSTON MA 2128 ,42.3600825,-71.0588801
"269 Lexington ST, Unit 1 EAST BOSTON MA 2128 ",42.3803485,-71.0298894
24 STRATHMORE RD #2 BROOKLINE MA 2445 ,42.3357505,-71.1465606
269 LEXINGTON ST #3 EAST BOSTON MA 2128 ,42.3803485,-71.0298894
85 MEREDITH CIRCLE MILTON MA 2186 ,42.2509027,-71.0719459
273 LEXINGTON ST EAST BOSTON MA 2128 ,42.3804233,-71.0297619
275 LEXINGTON ST EAST BOSTON MA 2128 ,42.3804446,-71.029669
28 WOODSIDE DR MILTON MA 2186 ,42.2395002,-71.0735708
28 WOODSIDE DR MILTON MA 2186 ,42.2395002,-71.0735708
283 Lexington ST EAST BOSTON MA 2128 ,42.3805868,-71.0294173
2 SUMMIT AV REVERE MA 2151 ,42.4063669,-71.0009993
287 LEXINGTON ST E BOSTON MA 2128 ,42.3806372,-71.029278
63 BYRON ST EAST BOSTON MA 2128 ,42.3843608,-71.0191579
291 LEXINGTON ST EAST BOSTON MA 2128 ,42.380768,-71.029179
293 LEXINGTON ST EAST BOSTON MA 2128 ,42.3807122,-71.0290654
295 LEXINGTON ST E BOSTON MA 2128 ,42.3807632,-71.0289842
297 LEXINGTON ST EAST BOSTON MA 2128 ,42.3807884,-71.0289145
343 WASHINGTON ST. STE 201 NEWTON MA 2458 ,42.3569581,-71.1876833
301 LEXINGTON ST EAST BOSTON MA 2128 ,42.3808386,-71.0287208
303 LEXINGTON ST EAST BOSTON MA 2128 ,42.3808889,-71.0285815
305R LEXINGTON ST BOSTON MA 2128 ,42.3808048,-71.028361
307 LEXINGTON ST EAST BOSTON MA 2128 ,42.3809545,-71.0284771
309 LEXINGTON ST EAST BOSTON MA 2128 ,42.3809605,-71.0283494
311 Lexington ST EAST BOSTON MA 2128 ,42.3809817,-71.0282565
265 WESTERN AVE CAMBRIDGE MA 2139 ,42.3648733,-71.1120299
"311 LEXINGTON ST, Unit 2 EAST BOSTON MA 2128 ",42.3810081,-71.0282821
"311 LEXINGTON ST, Unit 3 EAST BOSTON MA 2128 ",42.3810081,-71.0282821
313 LEXINGTON ST #1 EAST BOSTON MA 2128 ,42.3810386,-71.0281906
620 BENNINGTON ST BOSTON MA 2128 ,42.3835037,-71.0165557
5 SHELBY ST #1 EAST BOSTON MA 2128 ,42.3808758,-71.0281698
"5 SHELBY ST, Unit 2 EAST BOSTON MA 2128 ",42.380865,-71.028184
5 SHELBY ST UNIT 3 EAST BOSTON MA 2128 ,42.3808758,-71.0281698
20 CARPENTER RD LYNNFIELD MA 1940 ,42.5136733,-71.0116191
"185 LINCOLN ST, STE 302 HINGHAM MA 2043 ",42.2494845,-70.9043137
48 HAWTHORNE ST LYNN MA 1902 ,42.4730755,-70.9502238
48 HAWTHORNE ST LYNN MA 1902 ,42.4730755,-70.9502238
320 PRINCETON ST EAST BOSTON MA 2128 ,42.3805903,-71.0283051
318 PRINCETON ST EAST BOSTON MA 2128 ,42.380532,-71.028398
"318 PRINCETON ST, Unit 101 EAST BOSTON MA 2128 ",42.3805766,-71.0284059
318 PRINCETON ST #201 EAST BOSTON MA 2128 ,42.3805766,-71.0284059
318 PRINCETON ST #301 EAST BOSTON MA 2128 ,42.3805766,-71.0284059
170 Puritan RD SWAMPSCOTT MA 1907 ,42.4644854,-70.9043234
28 EUSTIS ST SAUGUS MA 1906 ,42.4479968,-71.0161361
312 PRINCETON ST E BOSTON MA 2128 ,42.3804234,-71.0286302
310 PRINCETON ST EAST BOSTON MA 2128 ,42.3804092,-71.0288035
302 PRINCETON ST E BOSTON MA 2128 ,42.3803889,-71.0288623
"302 PRINCETON ST, Unit 1 EAST BOSTON MA 2128 ",42.3804036,-71.0288698
302 PRINCETON ST #2 E BOSTON MA 2128 ,42.3803889,-71.0288623
300 PRINCETON ST EAST BOSTON MA 2128 ,42.3803788,-71.0289891
298 PRINCETON ST EAST BOSTON MA 2128 ,42.3803588,-71.0290451
296 PRINCETON ST EAST BOSTON MA 2128 ,42.3803457,-71.0290923
"500 LINCOLN STREET, 2ND FLOOR ALLSTON MA 2134 ",42.3574648,-71.1295766
"500 LINCOLN STREET, 2ND FLOOR ALLSTON MA 2134 ",42.3574648,-71.1295766
R288 288 PRINCETON ST EAST BOSTON MA 2128 ,42.3801295,-71.0293035
R288 288 PRINCETON ST EAST BOSTON MA 2128 ,42.3801295,-71.0293035
"288 PRINCETON ST, Unit 2 EAST BOSTON MA 2128 ",42.3802082,-71.029276
"288 PRINCETON ST, Unit 3 EAST BOSTON MA 2128 ",42.3802082,-71.029276
286 BRIDGE ST LEXINGTON MA 2421 ,42.433848,-71.2376531
284 PRINCETON ST EAST BOSTON MA 2128 ,42.3801344,-71.0294289
"284 PRINCETON ST, Unit 1 EAST BOSTON MA 2128 ",42.3801725,-71.0294885
284 PRINCETON ST #2 EAST BOSTON MA 2128 ,42.3801725,-71.0294885
23 BOSTON ST SOMERVILLE MA 2143 ,42.3812871,-71.0908409
278R PRINCETON ST EAST BOSTON MA 2128 ,42.3802443,-71.0296378
276 PRINCETON ST EAST BOSTON MA 2128 ,42.3800709,-71.0296052
276 PRINCETON ST #1 EAST BOSTON MA 2128 ,42.3801117,-71.0296548
"276 PRINCETON ST, Unit 2 EAST BOSTON MA 2128 ",42.3801117,-71.0296548
"276 PRINCETON ST, Unit 3 EAST BOSTON MA 2128 ",42.3801117,-71.0296548
11 BLISS RD NORTH READING MA 1864 ,42.5761912,-71.0879162
272 PRINCETON ST EAST BOSTON MA 2128 ,42.3800118,-71.0297423
71 REVERE BEACH BLVD #9 REVERE MA 2151 ,42.4062916,-70.9916088
268 PRINCETON ST #2 EAST BOSTON MA 2128 ,42.3799438,-71.0300279
266 PRINCETON ST EAST BOSTON MA 2128 ,42.3798828,-71.0300231
256 LEXINGTON ST EAST BOSTON MA 2128 ,42.3804511,-71.0305621
10 PRESCOTT ST EAST BOSTON MA 2128 ,42.3805494,-71.0306465
8 PRESCOTT ST EAST BOSTON MA 2128 ,42.3806086,-71.0306825
6 PRESCOTT ST EAST BOSTON MA 2128 ,42.3807054,-71.0307067
217 TRENTON ST EAST BOSTON MA 2128 ,42.3807949,-71.0308579
219 TRENTON ST EAST BOSTON MA 2128 ,42.3808245,-71.0307785
221 Trenton ST EAST BOSTON MA 2128 ,42.3808981,-71.0306941
223 TRENTON ST EAST BOSTON MA 2128 ,42.3809259,-71.0305316
227 TRENTON ST EAST BOSTON MA 2128 ,42.3808975,-71.030382
229 TRENTON ST #2 EAST BOSTON MA 2128 ,42.3810125,-71.0303605
17 SADDLE CLUB RD LEXINGTON MA 2420 ,42.4558377,-71.2129406
237-239 TRENTON ST EAST BOSTON MA 2128 ,42.3810346,-71.0300795
"237 Trenton ST, Unit 237-A EAST BOSTON MA 2128 ",42.381055,-71.0301749
"237 Trenton ST, Unit 237-B EAST BOSTON MA 2128 ",42.381055,-71.0301749
"239 TRENTON ST, #239-A EAST BOSTON MA 2128 ",42.3811292,-71.0299519
239 TRENTON ST #239-B EAST BOSTON MA 2128 ,42.3811292,-71.0299519
247 TRENTON ST E BOSTON MA 2128 ,42.3812448,-71.0299011
30 B MULBERRY LANE BOXFORD MA 1921 ,42.6942905,-71.0399802
297 EAST EAGLE ST EAST BOSTON MA 2128 ,42.3812117,-71.0296111
301 E EAGLE ST EAST BOSTON MA 2128 ,42.38123,-71.029545
303 E EAGLE ST EAST BOSTON MA 2128 ,42.3811814,-71.0293663
370 EAST EAGLE ST EAST BOSTON MA 2128 ,42.3818745,-71.0266559
307 E EAGLE ST EAST BOSTON MA 2128 ,42.3812261,-71.0291967
317 HANGING MOSS RD DAVENPORT FL 33837 ,28.2425941,-81.5978319
40 EVERETT ST EAST BOSTON MA 2128 ,42.3683612,-71.0362426
15 VIEW STREET WORCESTER MA 1610 ,42.2469758,-71.7970688
315 EAST EAGLE ST EAST BOSTON MA 2128 ,42.3812137,-71.0289439
317 E EAGLE ST EAST BOSTON MA 2128 ,42.381209,-71.0288743
1 LEXINGTON SQ EAST BOSTON MA 2128 ,42.38123,-71.0288604
2 LEXINGTON SQ EAST BOSTON MA 2128 ,42.3811837,-71.0287324
156 CHELSEA ST #104 EAST BOSTON MA 2128 ,42.3740594,-71.0341774
53 BOARDMAN ST EAST BOSTON MA 2128 ,42.3886768,-71.0097301
300 LEXINGTON ST EAST BOSTON MA 2128 ,42.3810903,-71.0288512
298 LEXINGTON ST EAST BOSTON MA 2128 ,42.3810075,-71.028977
296 LEXINGTON ST BOSTON MA 2108 ,42.3810346,-71.0289994
294 LEXINGTON ST EAST BOSTON MA 2128 ,42.3810134,-71.0290923
292 LEXINGTON ST EAST BOSTON MA 2128 ,42.380977,-71.0291503
290 LEXINGTON ST EAST BOSTON MA 2128 ,42.3809365,-71.0292856
1050 WOODLAND AVE ELM GROVE WI 53122 ,43.042927,-88.0977464
54 MARSHVIEW CIRCLE SEABROOK NH 3874 ,42.8726845,-70.8436063
284 LEXINGTON ST EAST BOSTON MA 2128 ,42.380857,-71.0294713
282A LEXINGTON ST EAST BOSTON MA 2128 ,42.380916,-71.0295761
282 LEXINGTON ST E BOSTON MA 2128 ,42.3808517,-71.029657
280 Lexington ST EAST BOSTON MA 2128 ,42.3807829,-71.0296959
278 LEXINGTON ST EAST BOSTON MA 2128 ,42.3808067,-71.0298352
14 LANTERN ROAD FRAMINGHAM MA 1702 ,42.2826384,-71.4646753
28 WOODSIDE DR MILTON MA 2186 ,42.2395002,-71.0735708
270 LEXINGTON ST EAST BOSTON MA 2128 ,42.3806303,-71.0301105
266 LEXINGTON ST EAST BOSTON MA 2128 ,42.3806106,-71.0302066
"266 Lexington ST, Unit 1 EAST BOSTON MA 2128 ",42.380625,-71.0301446
"26 WILLIS ST, Unit 3 BOSTON MA 2125 ",42.3179161,-71.0605134
266 LEXINGTON ST #3 EAST BOSTON MA 2128 ,42.3806251,-71.0301447
264 LEXINGTON ST E BOSTON MA 2128 ,42.3805444,-71.0302531
262 LEXINGTON ST EAST BOSTON MA 2128 ,42.3805333,-71.0303503
260 Lexington ST EAST BOSTON MA 2128 ,42.3805147,-71.0304461
500 VICTORY RD 3RD FL QUINCY MA 2171 ,42.298947,-71.0305432
4 2 SHELBY ST EAST BOSTON MA 2128 ,42.3812441,-71.0278338
317 LEXINGTON ST EAST BOSTON MA 2128 ,42.381162,-71.0277558
325 EAST EAGLE ST EAST BOSTON MA 2128 ,42.3812375,-71.0277344
325 EAST EAGLE ST #1 EAST BOSTON MA 2128 ,42.3812131,-71.0276936
325 EAST EAGLE ST #2 EAST BOSTON MA 2128 ,42.3812131,-71.0276936
325 EAST EAGLE ST #3 EAST BOSTON MA 2128 ,42.3812131,-71.0276936
327 EAST EAGLE ST EAST BOSTON MA 2128 ,42.3812043,-71.0276065
193 HARVARD ST BROOKLINE MA 2446 ,42.3395034,-71.1208758
144 E SIDE PKWY #1 NEWTON MA 2458 ,42.3493605,-71.1963966
333 EAST EAGLE ST EAST BOSTON MA 2128 ,42.381195,-71.0272701
335 E EAGLE ST EAST BOSTON MA 2128 ,42.3812089,-71.0271888
647 SARATOGA ST EAST BOSTON MA 2128 ,42.3822152,-71.0209782
370 EAST EAGLE ST EAST BOSTON MA 2128 ,42.3818745,-71.0266559
370 EAST EAGLE ST EAST BOSTON MA 2128 ,42.3818745,-71.0266559
370 EAST EAGLE ST EAST BOSTON MA 2128 ,42.3818745,-71.0266559
370 EAST EAGLE ST EAST BOSTON MA 2128 ,42.3818745,-71.0266559
657 EAST 4TH STREET SOUTH BOSTON MA 2127 ,42.3346103,-71.0384261
483 PANCHITA WY LOS ALTOS CA 94022 ,37.3901166,-122.1097283
"343 WASHINGTON ST, STE 201 NEWTON MA 2458 ",42.3569581,-71.1876833
356 PRINCETON ST EAST BOSTON MA 2128 ,42.3809618,-71.0272215
"356 PRINCETON ST, Unit 1 EAST BOSTON MA 2128 ",42.3809766,-71.0272007
356 PRINCETON STREET #2 EAST BOSTON MA 2128 ,42.3809766,-71.0272007
"356 PRINCETON ST, Unit 3 EAST BOSTON MA 2128 ",42.3809766,-71.0272007
352 PRINCETON ST EAST BOSTON MA 2128 ,42.3809123,-71.0273092
352 PRINCETON ST EAST BOSTON MA 2128 ,42.3809123,-71.0273092
83 HIGHLAND ST CANTON MA 2021 ,42.1437211,-71.1536477
114 SARATOGA ST EAST BOSTON MA 2128 ,42.3769022,-71.035906
16 SHELBY ST EAST BOSTON MA 2128 ,42.3808141,-71.0276996
14 SHELBY ST EAST BOSTON MA 2128 ,42.3808975,-71.027711
12 SHELBY ST EAST BOSTON MA 2128 ,42.3809393,-71.0277922
94 WINSTON RD NEWTON MA 2459 ,42.3110375,-71.1855579
8 Shelby ST EAST BOSTON MA 2128 ,42.3810645,-71.0278621
6 Shelby ST EAST BOSTON MA 2128 ,42.3811208,-71.0279201
10 HAMMERSMITH DR SAUGUS MA 1906 ,42.4614714,-71.0359176
10 HAMMERSMITH DR SAUGUS MA 1906 ,42.4614714,-71.0359176
"6 Shelby ST, Unit 3 EAST BOSTON MA 2128 ",42.381128,-71.0278968
306 MAIN ST READING MA 1867 ,42.5165801,-71.1038394
8331 BEACON ST #205 NEWTON MA 2459 ,42.3559008,-71.070596
347 PRINCETON ST E BOSTON MA 2128 ,42.3806617,-71.0272002
349 PRINCETON ST EAST BOSTON MA 2128 ,42.3806917,-71.0271165
357 PRINCETON ST EAST BOSTON MA 2128 ,42.3807701,-71.0270627
359 PRINCETON ST E BOSTON MA 2128 ,42.3807671,-71.0270029
361 PRINCETON ST EAST BOSTON MA 2128 ,42.3807863,-71.0269063
361 PRINCETON ST EAST BOSTON MA 2128 ,42.3807863,-71.0269063
370 EAST EAGLE ST EAST BOSTON MA 2128 ,42.3818745,-71.0266559
370 EAST EAGLE ST EAST BOSTON MA 2128 ,42.3818745,-71.0266559
370 EAST EAGLE ST EAST BOSTON MA 2128 ,42.3818745,-71.0266559
370 EAST EAGLE ST EAST BOSTON MA 2128 ,42.3818745,-71.0266559
432 CHELSEA ST EAST BOSTON MA 2128 ,42.3806477,-71.0265963
38 TURNING MILL LANE QUINCY MA 2169 ,42.2451558,-71.0448321
398 MERIDIAN ST #3 EAST BOSTON MA 2128 ,42.3798593,-71.039489
426 426A Chelsea ST EAST BOSTON MA 2128 ,42.3804982,-71.0268055
76 SHERWOOD DR METHUEN MA 1844 ,42.6788969,-71.2368176
422 CHELSEA ST E BOSTON MA 2128 ,42.3803025,-71.0269126
420 CHELSEA ST E BOSTON MA 2128 ,42.3803299,-71.0270493
480 Saratoga ST EAST BOSTON MA 2128 ,42.3802716,-71.0271422
148 PEARL ST CHELSEA MA 2150 ,42.3905023,-71.0365277
21 TOWN WAY WINCHESTER MA 1890 ,42.4377718,-71.1304335
474 SARATOGA ST EAST BOSTON MA 2128 ,42.3801555,-71.0272674
P.O. BOX 635 WESTON MA 2493 ,42.3667625,-71.3031132
831 BEACON ST #205 NEWTON MA 2459 ,42.3302396,-71.195294
831 BEACON ST #205 NEWTON MA 2459 ,42.3302396,-71.195294
831 BEACON ST STE 205 NEWTON MA 2459 ,42.3302396,-71.195294
CONDOR ST EAST BOSTON MA 2128 ,42.3825898,-71.034126
84 JUNIPER DR SAUGUS MA 1906 ,42.482872,-71.0444374
347A CHELSEA ST EAST BOSTON MA 2128 ,42.378179,-71.0288734
282 BENNINGTON ST EAST BOSTON MA 2128 ,42.3789479,-71.0288369
353 CHELSEA ST EAST BOSTON MA 2128 ,42.3782781,-71.0287401
282 BENNINGTON ST EAST BOSTON MA 2128 ,42.3789479,-71.0288369
282 BENNINGTON ST EAST BOSTON MA 2128 ,42.3789479,-71.0288369
282 BENNINGTON ST EAST BOSTON MA 2128 ,42.3789479,-71.0288369
282 BENNINGTON ST EAST BOSTON MA 2128 ,42.3789479,-71.0288369
369 Chelsea ST EAST BOSTON MA 2128 ,42.3785882,-71.0284302
JOE CIAMPA HARRISBURG VA 17111 ,38.4495688,-78.8689155
257 LYNN FELLS PARKWAY SAUGUS MA 1906 ,42.4776119,-71.0302531
241 COURT RD WINTHROP MA 2152 ,42.3714204,-70.9953441
282 BENNINGTON ST EAST BOSTON MA 2128 ,42.3789479,-71.0288369
299 301 Bennington ST EAST BOSTON MA 2128 ,42.3787903,-71.0280244
PO BOX 504 REVERE MA 2151 ,42.4224283,-70.9962875
10 RICHARDSON CIRCLE SAUGUS MA 1906 ,42.4978941,-71.0307058
10 RICHARDSON CIRCLE SAUGUS MA 1906 ,42.4978941,-71.0307058
313- 315 BENNINGTON ST EAST BOSTON MA 2128 ,42.3790803,-71.0272958
319 BENNINGTON ST EAST BOSTON MA 2128 ,42.379121,-71.0271869
HENRY J GAVEGNANO ALLENTOWN PA 18105 ,40.6,-75.47
HENRY J GAVEGNANO ALLENTOWN PA 18105 ,40.6,-75.47
412 BREMEN ST EAST BOSTON MA 2128 ,42.3789767,-71.0274112
408 Bremen ST EAST BOSTON MA 2128 ,42.3788438,-71.0273112
404 BREMEN ST E BOSTON MA 2128 ,42.3786746,-71.0277405
143 BORDER ST EAST BOSTON MA 2128 ,42.3736639,-71.0404376
"431 EAST THIRD ST, Unit 3 SOUTH BOSTON MA 2127 ",42.3362296,-71.0429886
"398 Bremen ST, Unit 1 EAST BOSTON MA 2128 ",42.3785598,-71.0279286
"398 Bremen ST, Unit 2 EAST BOSTON MA 2128 ",42.3785598,-71.0279286
"398 Bremen ST, Unit 3 EAST BOSTON MA 2128 ",42.3785598,-71.0279286
"398 Bremen ST, Unit 4 EAST BOSTON MA 2128 ",42.3785598,-71.0279286
376 BREMEN ST EAST BOSTON MA 2128 ,42.3785048,-71.0279611
282 BENNINGTON ST E BOSTON MA 2128 ,42.3789479,-71.0288369
282 BENNINGTON ST EAST BOSTON MA 2128 ,42.3789479,-71.0288369
282 BENNINGTON ST EAST BOSTON MA 2128 ,42.3789479,-71.0288369
282 BENNINGTON ST EAST BOSTON MA 2128 ,42.3789479,-71.0288369
364 A BREMEN ST EAST BOSTON MA 2128 ,42.3781411,-71.0283494
364 BREMEN ST EAST BOSTON MA 2128 ,42.378098,-71.0284333
282 BENNINGTON ST EAST BOSTON MA 2128 ,42.3789479,-71.0288369
NEPTUNE RD EAST BOSTON MA 2128 ,42.37932,-71.0244124
1 HARBORSIDE DR #200S EAST BOSTON MA 2128 ,42.3645249,-71.0217295
1 HARBORSIDE DR #200S EAST BOSTON MA 2128 ,42.3645249,-71.0217295
1 HARBORSIDE DR #200S EAST BOSTON MA 2128 ,42.3645249,-71.0217295
NEPTUNE RD EAST BOSTON MA 2128 ,42.37932,-71.0244124
ONE HARBORSIDE DRIVE SUITE 200S EAST BOSTON MA 2128 ,42.3610493,-71.025594
1 HARBORSIDE DR #200S EAST BOSTON MA 2128 ,42.3645249,-71.0217295
ONE HARBORSIDE DR STE 200S EAST BOSTON MA 2128 ,42.3610493,-71.025594
ONE HARBORSIDE DR STE 200S EAST BOSTON MA 2128 ,42.3610493,-71.025594
1 HARBORSIDE DR #200S EAST BOSTON MA 2128 ,42.3645249,-71.0217295
FRANKFORT ST EAST BOSTON MA 2128 ,42.377698,-71.0261224
431 FRANKFORT ST E BOSTON MA 2128 ,42.3802273,-71.0227334
433 Frankfort ST EAST BOSTON MA 2128 ,42.3803005,-71.0227009
435 FRANKFORT ST EAST BOSTON MA 2128 ,42.3803525,-71.0226405
190 OLD COLONY AVE SOUTH BOSTON MA 2127 ,42.3335528,-71.0540469
441 Frankfort ST EAST BOSTON MA 2128 ,42.3805084,-71.0225233
443 FRANKFORT ST UNIT 2 EAST BOSTON MA 2128 ,42.3805353,-71.0224264
447 FRANKFORT ST EAST BOSTON MA 2128 ,42.3806079,-71.0223619
"447 Frankfort ST, Unit 1 EAST BOSTON MA 2128 ",42.380605,-71.0223404
447 FRANKFORT ST #2 EAST BOSTON MA 2128 ,42.380605,-71.0223404
447 FRANKFORT ST #3 EAST BOSTON MA 2128 ,42.380605,-71.0223404
449 Frankfort ST EAST BOSTON MA 2128 ,42.3806808,-71.0223204
453 FRANKFORT ST EAST BOSTON MA 2128 ,42.3807297,-71.0222211
455 FRANKFORT ST EAST BOSTON MA 2128 ,42.3807862,-71.0221281
1 SWIFT TE EAST BOSTON MA 2128 ,42.3817258,-71.0226362
1055 TRUMAN PARKWAY BOSTON MA 2136 ,42.2413329,-71.1267947
91 Edmunds RD WELLESLEY HILLS MA 2481 ,42.314777,-71.2864697
C/O GOLDSTEIN & HERNDON LLP 822 BOYLSTON ST # 300 CHESTNUT HILL MA 2467 ,42.3257744,-71.1469362
"15 SWIFT TE, Unit 1 EAST BOSTON MA 2128 ",42.3695431,-71.0200613
"15 SWIFT TE, Unit 2 EAST BOSTON MA 2128 ",42.307363,-71.058797
"15 SWIFT TE, Unit 3 EAST BOSTON MA 2128 ",42.2667138,-71.1712603
65 BARNES AVE EAST BOSTON MA 2128 ,42.3861533,-71.0032294
C/O THOMAS SNYDER 65 BARNES AVE EAST BOSTON MA 2128 ,42.3861533,-71.0032294
1 HARBORSIDE DR #200S EAST BOSTON MA 2128 ,42.3645249,-71.0217295
22 NEPTUNE RD EAST BOSTON MA 2128 ,42.379565,-71.024165
1 HARBORSIDE DR #200S EAST BOSTON MA 2128 ,42.3645249,-71.0217295
9 NEPTUNE CIRCLE EAST BOSTON MA 2128 ,42.380825,-71.0188182
1 HARBORSIDE DR #200S EAST BOSTON MA 2128 ,42.3645249,-71.0217295
1 HARBORSIDE DR #200S EAST BOSTON MA 2128 ,42.3645249,-71.0217295
1 HARBORSIDE DR #200S EAST BOSTON MA 2128 ,42.3645249,-71.0217295
1 HARBORSIDE DR #200S EAST BOSTON MA 2128 ,42.3645249,-71.0217295
1 HARBORSIDE DR #200S EAST BOSTON MA 2128 ,42.3645249,-71.0217295
1 HARBORSIDE DR #200S EAST BOSTON MA 2128 ,42.3645249,-71.0217295
1 HARBORSIDE DR #200S EAST BOSTON MA 2128 ,42.3645249,-71.0217295
1 HARBORSIDE DR #200S EAST BOSTON MA 2128 ,42.3645249,-71.0217295
1 HARBORSIDE DR #200S EAST BOSTON MA 2128 ,42.3645249,-71.0217295
1 HARBORSIDE DR #200S EAST BOSTON MA 2128 ,42.3645249,-71.0217295
1 HARBORSIDE DR #200S EAST BOSTON MA 2128 ,42.3645249,-71.0217295
1 HARBORSIDE DR #200S EAST BOSTON MA 2128 ,42.3645249,-71.0217295
1 HARBORSIDE DR #200S EAST BOSTON MA 2128 ,42.3645249,-71.0217295
BENNINGTON ST EAST BOSTON MA 2128 ,42.3840004,-71.0148147
435 BENNINGTON ST EAST BOSTON MA 2128 ,42.3803253,-71.0232707
441 BENNINGTON ST EAST BOSTON MA 2128 ,42.3806203,-71.0231055
97 BEACHVIEW RD EAST BOSTON MA 2128 ,42.3916641,-71.0057368
445 BENNINGTON ST EAST BOSTON MA 2128 ,42.3807094,-71.0229252
447 BENNINGTON ST EAST BOSTON MA 2128 ,42.3807273,-71.0228672
PO BOX 55071 ECM 41505 BOSTON MA 2205 ,42.3600825,-71.0588801
451 BENNINGTON ST EAST BOSTON MA 2128 ,42.3807697,-71.0226814
441 BENNINGTON ST EAST BOSTON MA 2128 ,42.3806203,-71.0231055
FRANFORT ST EAST BOSTON MA 2128 ,42.377698,-71.0261224
1 HARBORSIDE DR #200S EAST BOSTON MA 2128 ,42.3645249,-71.0217295
1 HARBORSIDE DR #200S EAST BOSTON MA 2128 ,42.3645249,-71.0217295
ONE HARBORSIDE DRIVE #200S EAST BOSTON MA 2128 ,42.3610493,-71.025594
1 HARBORSIDE DR #200S EAST BOSTON MA 2128 ,42.3645249,-71.0217295
1 HARBORSIDE DR # 200S EAST BOSTON MA 2128 ,42.3645249,-71.0217295
1 HARBORSIDE DR # 200S EAST BOSTON MA 2128 ,42.3645249,-71.0217295
N TERM BLD L AIRPRT EAST BOSTON MA 2128 ,42.3743111,-71.0302349
IRVING OIL LTD / CORPORATE R E CALAIS ME 4619 ,45.1338285,-67.2128858
8501 WILLIAMS RD ESTERO FL 33928 ,26.4158677,-81.8111635
BOSTON AND MAINE RR EAST BOSTON MA 2128 ,42.3600825,-71.0588801
ONE CITY HALL PLAZA BOSTON MA 2201 ,42.4569134,-71.0651847
PO BOX 9340 AUBURN ME 4210 ,44.0978509,-70.2311655
10 PARK PLAZA BOSTON MA 2116 ,42.3516729,-71.06694
4830 NORTH LOOP 1604 W STE 111 SAN ANTONIO TX 78249 ,29.5908511,-98.5801284
P.O. BOX 320099 ALEXANDRIA VA 22320 ,38.8048355,-77.0469214
WM F MCLELLAN HW EAST BOSTON MA 2128 ,42.3893635,-71.0149602
20 SOMERSET ST BOSTON MA 2108 ,42.3597459,-71.0618248
1441 BRICKELL AVE STE #1012 MIAMI FL 33131 ,25.7587319,-80.1915609
1900 DALROCK RD ROWLETT TX 75088 ,32.8800058,-96.517892
CHELSEA EAST BOSTON MA 2128 ,42.38087,-71.0515959
611 CHELSEA ST EAST BOSTON MA 2128 ,42.3855349,-71.0219153
1441 BRICKELL AVE SUITE 1012 MIAMI FL 33131 ,25.7587319,-80.1915609
2424 RIDGE RD ROCKWALL TX 75087 ,32.9011933,-96.4679107
CHELSEA ST EAST BOSTON MA 2128 ,42.38087,-71.0515959
2424 RIDGE RD ROCKWALL TX 75087 ,32.9011933,-96.4679107
101 ACCESS RD SUITE 201 NORWOOD MA 2062 ,42.1863641,-71.1768786
544 SARATOGA ST EAST BOSTON MA 2128 ,42.3809102,-71.0251523
542 SARATOGA ST E BOSTON MA 2128 ,42.3809181,-71.0252849
124 HOWARD ST SAUGUS MA 1906 ,42.4696797,-71.046875
433 Chelsea ST EAST BOSTON MA 2128 ,42.3809738,-71.0256099
538 SARATOGA ST EAST BOSTON MA 2128 ,42.3808128,-71.0254823
10 STURTEVANT RD QUINCY MA 2169 ,42.2549314,-71.0143734
526 SARATOGA ST EAST BOSTON MA 2128 ,42.3807591,-71.0256564
620 BENNINGTON ST EAST BOSTON MA 2128 ,42.3835037,-71.0165557
111 EVERETT AVE 2ND FL CHELSEA MA 2150 ,42.3950832,-71.0389583
520 Saratoga ST EAST BOSTON MA 2128 ,42.3806039,-71.0259253
518 Saratoga ST EAST BOSTON MA 2128 ,42.3806366,-71.0259698
516 Saratoga ST EAST BOSTON MA 2128 ,42.3805867,-71.0260059
101 HIGH ST REVERE MA 2151 ,42.4169685,-71.0129804
"519 SOMERVILLE AVE, Unit 237 SOMERVILLE MA 2143 ",42.3835236,-71.1064623
"429 Chelsea ST, Unit 1 EAST BOSTON MA 2128 ",42.3808898,-71.0257339
"429 CHELSEA ST, Unit 2 EAST BOSTON MA 2128 ",42.3808898,-71.0257339
"429 CHELSEA ST, Unit 3 EAST BOSTON MA 2128 ",42.3808898,-71.0257339
431 CHELSEA ST EAST BOSTON MA 2128 ,42.3809526,-71.0257028
34 ESTELLA ST MATTAPAN MA 2126 ,42.2867382,-71.0947869
"256 MARGINAL STREET, BUILDING 31-2ND FL BOSTON MA 2128 ",42.3635152,-71.0329692
256 MARGINAL ST BLDG 31 2ND FL EAST BOSTON MA 2128 ,42.3635152,-71.0329692
2424 RIDGE RD ROCKWALL TX 75087 ,32.9011933,-96.4679107
2424 RIDGE RD ROCKWALL TX 75087 ,32.9011933,-96.4679107
2424 RIDGE RD ROCKWALL TX 75087 ,32.9011933,-96.4679107
20 CARPENTER RD LYNNFIELD MA 1940 ,42.5136733,-71.0116191
360 BENNINGTON ST E BOSTON MA 2128 ,42.3798423,-71.026585
23 BAYSWATER ST E BOSTON MA 2128 ,42.3856017,-71.0056415
135 SUMMIT AV CHELSEA MA 2150 ,42.4021648,-71.031321
262 EAST EAGLE ST EAST BOSTON MA 2128 ,42.3815247,-71.0309959
262 EAST EAGLE ST EAST BOSTON MA 2128 ,42.3815247,-71.0309959
262 EAST EAGLE ST EAST BOSTON MA 2128 ,42.3815247,-71.0309959
262 EAST EAGLE ST EAST BOSTON MA 2128 ,42.3815247,-71.0309959
135 SUMMIT AV CHELSEA MA 2150 ,42.4021648,-71.031321
405 CHELSEA ST EAST BOSTON MA 2128 ,42.3797853,-71.0270718
409 CHELSEA ST EAST BOSTON MA 2128 ,42.3798286,-71.0268665
409 CHELSEA ST EAST BOSTON MA 2128 ,42.3798286,-71.0268665
411 CHELSEA ST EAST BOSTON MA 2128 ,42.3798741,-71.0267707
20 CARPENTER RD LYNNFIELD MA 1940 ,42.5136733,-71.0116191
20 CARPENTER RD LYNNFIELD ESSEX MA 1940 ,42.5136733,-71.0116191
20 CARPENTER RD LYNNFIELD MA 1940 ,42.5136733,-71.0116191
NICOLA R DILIBERO JR BOSTON MA 2128 ,42.3677443,-71.0548328
3 NEPTUNE STREET EAST BOSTON MA 2128 ,42.3813413,-71.019105
50 ACORN STREET MALDEN MA 2148 ,42.4181177,-71.063032
WM F MCCLEELAN HW EAST BOSTON MA 2128 ,42.3893635,-71.0149602
402 BENNINGTON ST EAST BOSTON MA 2128 ,42.3807354,-71.0241263
398 BENNINGTON ST EAST BOSTON MA 2128 ,42.3804469,-71.0247793
394 BENNINGTON ST EAST BOSTON MA 2128 ,42.3803917,-71.0249392
394 BENNINGTON ST EAST BOSTON MA 2128 ,42.3803917,-71.0249392
394 BENNINGTON ST EAST BOSTON MA 2128 ,42.3803917,-71.0249392
394 BENNINGTON ST EAST BOSTON MA 2128 ,42.3803917,-71.0249392
394 BENNINGTON ST EAST BOSTON MA 2128 ,42.3803917,-71.0249392
15 BROAD ST BOSTON MA 2109 ,42.358763,-71.054566
24 JENNINGS CIRCLE EXT W PEABODY MA 1960 ,42.54267,-71.0146371
WM F MCCLELLAN HGWY EAST BOSTON MA 2128 ,42.3893635,-71.0149602
24 JENNINGS CIRCLE EXT W PEABODY MA 1960 ,42.54267,-71.0146371
40 EVERETT ST EAST BOSTON MA 2128 ,42.3683612,-71.0362426
589 SARATOGA ST EAST BOSTON MA 2128 ,42.3814113,-71.0229951
SARATOGA ST EAST BOSTON MA 2128 ,42.3812725,-71.0238488
591 SARATOGA ST EAST BOSTON MA 2128 ,42.3814283,-71.0230557
593 SARATOGA ST EAST BOSTON MA 2128 ,42.3814495,-71.0229627
595 SARATOGA ST EAST BOSTON MA 2128 ,42.3815063,-71.0228705
114 PARK ST DORCHESTER MA 2122 ,42.2988255,-71.0591358
24 JENNINGS CIRCLE EXT W PEABODY MA 1960 ,42.54267,-71.0146371
460 BENNINGTON ST EAST BOSTON MA 2128 ,42.3812216,-71.0227441
456 BENNINGTON ST EAST BOSTON MA 2128 ,42.381174,-71.02287
397 ASHMONT ST DORCHESTER MA 2124 ,42.2878253,-71.0558816
397 ASHMONT ST DORCHESTER MA 2124 ,42.2878253,-71.0558816
PO BOX 2516 FALL RIVER MA 2722 ,41.7013978,-71.1558372
BOARDMAN ST EAST BOSTON MA 2128 ,42.3892611,-71.0107665
16 Boardman ST EAST BOSTON MA 2128 ,42.3875468,-71.0088711
"16 Boardman ST, Unit 101 EAST BOSTON MA 2128 ",42.3874387,-71.0088685
"16 Boardman ST, Unit 102 EAST BOSTON MA 2128 ",42.3874387,-71.0088685
"16 BOARDMAN ST, Unit 103 EAST BOSTON MA 2128 ",42.3874387,-71.0088685
"16 Boardman ST, Unit 104 EAST BOSTON MA 2128 ",42.3874387,-71.0088685
1320 CANTON AVE MILTON MA 2186 ,42.2349267,-71.106648
"200 CLARENDON ST, 52ND FL BOSTON MA 2116 ",42.3491722,-71.074707
"16 BOARDMAN ST, Unit 202 EAST BOSTON MA 2128 ",42.3874387,-71.0088685
"16 Boardman ST, Unit 203 EAST BOSTON MA 2128 ",42.3874387,-71.0088685
"16 Boardman ST, Unit 204 EAST BOSTON MA 2128 ",42.3874387,-71.0088685
"1550 FILLMORE ST, APT 208 SAN FRANCISCO CA 94115 ",37.783992,-122.4326019
"16 Boardman ST, Unit 206 EAST BOSTON MA 2128 ",42.3874387,-71.0088685
"16 BOARDMAN ST, Unit 207 EAST BOSTON MA 2128 ",42.3874387,-71.0088685
"16 Boardman ST, Unit 301 EAST BOSTON MA 2128 ",42.3874387,-71.0088685
"16 Boardman ST, Unit 302 EAST BOSTON MA 2128 ",42.3874387,-71.0088685
"16 BOARDMAN ST, Unit 303 EAST BOSTON MA 2128 ",42.3874387,-71.0088685
"16 Boardman ST, Unit 304 EAST BOSTON MA 2128 ",42.3874387,-71.0088685
"16 Boardman ST, Unit 305 EAST BOSTON MA 2128 ",42.3874387,-71.0088685
1320 CANTON AVE MILTON MA 2186 ,42.2349267,-71.106648
16 BOARDMAN ST #307 EAST BOSTON MA 2128 ,42.3874387,-71.0088685
50 FRANKLIN ST SUITE 400 BOSTON MA 2110 ,42.355777,-71.0585868
964 SARATOGA ST EAST BOSTON MA 2128 ,42.3871416,-71.0085664
960 962 Saratoga ST EAST BOSTON MA 2128 ,42.3871111,-71.0087445
958 SARATOGA ST EAST BOSTON MA 2128 ,42.3870781,-71.008845
956 SARATOGA ST EAST BOSTON MA 2128 ,42.3870278,-71.0089843
2 MT ROYAL AVE MARLBOROUGH MA 1752 ,42.3404044,-71.578608
"946 SARATOGA ST, Unit 101 EAST BOSTON MA 2128 ",42.38697,-71.0093289
"946 Saratoga ST, Unit 201 EAST BOSTON MA 2128 ",42.38697,-71.0093289
"946 Saratoga ST, Unit 202 EAST BOSTON MA 2128 ",42.38697,-71.0093289
"946 Saratoga ST, Unit 203 EAST BOSTON MA 2128 ",42.38697,-71.0093289
"946 SARATOGA ST, Unit 204 EAST BOSTON MA 2128 ",42.38697,-71.0093289
"946 Saratoga ST, Unit 301 EAST BOSTON MA 2128 ",42.38697,-71.0093289
"946 Saratoga ST, Unit 302 EAST BOSTON MA 2128 ",42.38697,-71.0093289
"946 Saratoga ST, Unit 303 EAST BOSTON MA 2128 ",42.38697,-71.0093289
"946 Saratoga ST, Unit 304 EAST BOSTON MA 2128 ",42.38697,-71.0093289
6 VELMA RD WAKEFIELD MA 1880 ,42.5041511,-71.0847553
151 TREMONT ST BOSTON MA 2111 ,42.3544996,-71.0633802
282 BENNINGTON ST EAST BOSTON MA 2128 ,42.3789479,-71.0288369
910 SARATOGA ST #1 EAST BOSTON MA 2128 ,42.3861808,-71.0111541
910 SARATOGA ST #2 EAST BOSTON MA 2128 ,42.386329,-71.0113013
"910 Saratoga ST, Unit 3 EAST BOSTON MA 2128 ",42.3861808,-71.0111541
910 SARATOGA ST #4 EAST BOSTON MA 2128 ,42.386329,-71.0113013
910 SARATOGA ST #5 EAST BOSTON MA 2128 ,42.3861808,-71.0111541
910 SARATOGA ST #6 EAST BOSTON MA 2128 ,42.3861808,-71.0111541
910 SARATOGA ST #7 EAST BOSTON MA 2128 ,42.3861808,-71.0111541
PO BOX 960941 BOSTON MA 2196 ,42.3439391,-71.0960091
40 CLARK RD BROOKLINE MA 2445 ,42.3307765,-71.1295102
910 SARATOGA ST #10 EAST BOSTON MA 2128 ,42.386329,-71.0113013
910 SARATOGA ST #11 EAST BOSTON MA 2128 ,42.3861808,-71.0111541
910 SARATOGA ST #12 EAST BOSTON MA 2128 ,42.386329,-71.0113013
"910 Saratoga ST, Unit 13 EAST BOSTON MA 2128 ",42.3861808,-71.0111541
910 SARATOGA ST #14 EAST BOSTON MA 2128 ,42.3861808,-71.0111541
232 WHITE ST BELMONT MA 2478 ,42.3809407,-71.1870129
910 SARATOGA ST #16 EAST BOSTON MA 2128 ,42.386329,-71.0113013
"910 SARATOGA S, Unit 17 EAST BOSTON MA 2128 ",42.3600825,-71.0588801
910 SARATOGA ST #18 EAST BOSTON MA 2128 ,42.386329,-71.0113013
910 SARATOGA ST #19 EAST BOSTON MA 2128 ,42.3861808,-71.0111541
910 SARATOGA ST #20 EAST BOSTON MA 2128 ,42.3861808,-71.0111541
910 SARATOGA ST #21 EAST BOSTON MA 2128 ,42.3861808,-71.0111541
864 Saratoga ST EAST BOSTON MA 2128 ,42.3854084,-71.0131667
862 SARATOGA ST EAST BOSTON MA 2128 ,42.3853301,-71.0132836
860 SARATOGA ST EAST BOSTON MA 2128 ,42.3854029,-71.0133519
858 SARATOGA ST EAST BOSTON MA 2128 ,42.3853336,-71.0134337
856 Saratoga ST EAST BOSTON MA 2128 ,42.3853237,-71.0135382
854 SARATOGA ST EAST BOSTON MA 2128 ,42.3852654,-71.0136311
701 BENNINGTON ST #2 EAST BOSTON MA 2128 ,42.3843289,-71.0129699
850 SARATOGA ST EAST BOSTON MA 2128 ,42.385223,-71.0138168
850 SARATOGA ST EAST BOSTON MA 2128 ,42.385223,-71.0138168
842 SARATOGA ST EAST BOSTON MA 2128 ,42.3851646,-71.0139091
842 SARATOGA ST EAST BOSTON MA 2128 ,42.3851646,-71.0139091
834 SARATOGA ST EAST BOSTON MA 2128 ,42.3850931,-71.0141412
830 SARATOGA ST EAST BOSTON MA 2128 ,42.3849436,-71.0143652
610 WEST 26TH ST 9TH FL SUITE 910 NEW YORK NY 10001 ,40.7509404,-74.0062118
265 FRANKLIN ST BOSTON MA 2110 ,42.3564979,-71.0533518
ATT: LISA ADE PORTSMOUTH NH 3801 ,43.0773684,-70.7581325
1000 MARKET ST BLDG 1 PORTSMOUTH NH 3801 ,43.0829418,-70.7766905
PO BOX 990009 BOSTON MA 2199 ,42.3464868,-71.0832041
PO BOX 990009 BOSTON MA 2199 ,42.3464868,-71.0832041
100 OLIVER ST SUITE 1840 BOSTON MA 2110 ,42.3563417,-71.0525172
822 SARATOGA ST EAST BOSTON MA 2128 ,42.3848626,-71.0147448
822 SARATOGA ST EAST BOSTON MA 2128 ,42.3848626,-71.0147448
820 SARATOGA ST EAST BOSTON MA 2128 ,42.3847967,-71.0148347
4 JEFFERSON DR REVERE MA 2151 ,42.4222193,-71.0284887
65 MARGIN STREET PEABODY MA 1960 ,42.5364931,-70.9174573
"816 Saratoga ST, Unit 1 EAST BOSTON MA 2128 ",42.3847353,-71.014996
"816 Saratoga ST, Unit 2 EAST BOSTON MA 2128 ",42.38477,-71.015036
814 Saratoga ST EAST BOSTON MA 2128 ,42.3847075,-71.0151167
PO BOX 443 EAST BOSTON MA 2128 ,42.3600825,-71.0588801
224 ARBORWAY JAMAICA PLAIN MA 2130 ,42.3060753,-71.1190657
804-808 SARATOGA ST EAST BOSTON MA 2128 ,42.3846306,-71.0152833
96 WORDSWORTH ST EAST BOSTON MA 2128 ,42.3847144,-71.0153949
92 WORDSWORTH ST EAST BOSTON MA 2128 ,42.3846411,-71.0156273
92 WORDSWORTH ST EAST BOSTON MA 2128 ,42.3846411,-71.0156273
90 WORDSWORTH ST EAST BOSTON MA 2128 ,42.3846805,-71.0156873
90 WORDSWORTH ST EAST BOSTON MA 2128 ,42.3846805,-71.0156873
86 WORDSWORTH ST EAST BOSTON MA 2128 ,42.384731,-71.0158708
82-84 WORDSWORTH ST EAST BOSTON MA 2128 ,42.3847956,-71.016016
"82 WORDSWORTH ST, Unit 1 EAST BOSTON MA 2128 ",42.3847554,-71.0160089
"84 WORDSWORTH ST, Unit 2 EAST BOSTON MA 2128 ",42.3847305,-71.0159998
10 GROVE ST BOSTON MA 2128 ,42.360723,-71.0685958
80 WORDSWORTH ST EAST BOSTON MA 2128 ,42.3847754,-71.0161843
78 WORDSWORTH ST EAST BOSTON MA 2128 ,42.3848131,-71.0162423
"72 GORE ST, Unit 2 REVERE MA 2151 ",42.3716786,-71.0809545
"76 WORDSWORTH ST, Unit 1 EAST BOSTON MA 2128 ",42.384792,-71.0163514
"76 WORDSWORTH ST, Unit 2 EAST BOSTON MA 2128 ",42.384792,-71.0163514
74 WORDSWORTH ST EAST BOSTON MA 2128 ,42.3848108,-71.0163795
72 MARGINAL ST EAST BOSTON MA 2128 ,42.3666017,-71.0385022
36 BROMFIELD ST BOSTON MA 2109 ,42.3565903,-71.0604088
"70 WORDSWORTH ST, Unit 1 EAST BOSTON MA 2128 ",42.3848909,-71.016602
"70 WORDSWORTH ST, Unit 2 EAST BOSTON MA 2128 ",42.3848909,-71.016602
"70 WORDSWORTH ST, Unit 3 EAST BOSTON MA 2128 ",42.3848909,-71.016602
597 E BROADWAY BOSTON MA 2127 ,42.3353675,-71.0403464
"66 WORDSWORTH ST, Unit 1 EAST BOSTON MA 2128 ",42.3848624,-71.0167498
"66 WORDSWORTH ST, Unit 2 EAST BOSTON MA 2128 ",42.3848624,-71.0167498
"66 WORDSWORTH ST, Unit 3 EAST BOSTON MA 2128 ",42.3848624,-71.0167498
"66 WORDSWORTH ST, Unit 4 EAST BOSTON MA 2128 ",42.3848624,-71.0167498
"66 WORDSWORTH ST, Unit PH5 EAST BOSTON MA 2128 ",42.3848624,-71.0167498
12 CHESTER ST CHESTER NH 3036 ,42.9578258,-71.2574869
60 WORDSWORTH ST E BOSTON MA 2128 ,42.3850219,-71.0169736
58 WORDSWORTH ST EAST BOSTON MA 2128 ,42.3850086,-71.0171129
56 WORDSWORTH ST EAST BOSTON MA 2128 ,42.3850616,-71.0172058
"376 OCEAN AVE, APT #613 REVERE MA 2151 ",42.4111933,-70.9913134
52 WORDSWORTH ST EAST BOSTON MA 2128 ,42.3851026,-71.0174447
"49 Laighton ST, Unit Apt 3 LYNN MA 1902 ",42.4697952,-70.9548873
48 WORDSWORTH ST EAST BOSTON MA 2128 ,42.3851782,-71.0176701
46 WORDSWORTH ST EAST BOSTON MA 2128 ,42.3851942,-71.017763
42 WORDSWORTH ST EAST BOSTON MA 2128 ,42.3852627,-71.0179474
42 WORDSWORTH ST EAST BOSTON MA 2128 ,42.3852627,-71.0179474
30 WORDSWORTH ST EAST BOSTON MA 2128 ,42.3853108,-71.0182273
"28 WORDSWORTH ST, Unit 3 EAST BOSTON MA 2128 ",42.3853097,-71.0183687
"28 WORDSWORTH ST, Unit 1 EAST BOSTON MA 2128 ",42.3853097,-71.0183687
"28 WORDSWORTH ST, Unit 2 EAST BOSTON MA 2128 ",42.3853097,-71.0183687
"28 WORDSWORTH ST, Unit 3 EAST BOSTON MA 2128 ",42.3853097,-71.0183687
78 GASTON ST MEDFORD MA 2155 ,42.4374971,-71.0992715
24 WORDSWORTH ST EAST BOSTON MA 2128 ,42.3853676,-71.0185969
295 COMMONWEALTH AVE BOSTON MA 2115 ,42.3504004,-71.0855475
20 WORDSWORTH ST EAST BOSTON MA 2128 ,42.3853386,-71.0188064
18 WORDSWORTH ST EAST BOSTON MA 2128 ,42.3854221,-71.0188773
16 WORDSWORTH ST E BOSTON MA 2128 ,42.3854486,-71.0189705
12 WORDSWORTH ST EAST BOSTON MA 2128 ,42.3854423,-71.0191971
10 WORDSWORTH ST EAST BOSTON MA 2128 ,42.3855245,-71.0192434
73 ADDISON ST EAST BOSTON MA 2128 ,42.3857218,-71.0189909
73 ADDISON ST EAST BOSTON MA 2128 ,42.3857218,-71.0189909
73 ADDISON ST EAST BOSTON MA 2128 ,42.3857218,-71.0189909
73 ADDISON ST E BOSTON MA 2128 ,42.3857218,-71.0189909
73 ADDISON ST EAST BOSTON MA 2128 ,42.3857218,-71.0189909
87 ADDISON ST EAST BOSTON MA 2128 ,42.3856122,-71.0180704
87 ADDISON ST #1 EAST BOSTON MA 2128 ,42.3855788,-71.0181076
87 ADDISON ST #2 EAST BOSTON MA 2128 ,42.3855788,-71.0181076
82 CHELSEA ST STE 1 EAST BOSTON MA 2128 ,42.3720703,-71.0366152
PO BOX 320602 WEST ROXBURY MA 2132 ,42.2797554,-71.1626756
113 ADDISON ST EAST BOSTON MA 2128 ,42.3854026,-71.0173194
115 ADDISON ST #1 EAST BOSTON MA 2128 ,42.3854492,-71.0172763
LAURA E WOLFRAM EAST BOSTON MA 2128 ,42.3600825,-71.0588801
117 ADDISON ST EAST BOSTON MA 2128 ,42.3854458,-71.0170665
121 Addison ST EAST BOSTON MA 2128 ,42.3853731,-71.0169464
121 Addison ST EAST BOSTON MA 2128 ,42.3853731,-71.0169464
63 G ST SOUTH BOSTON MA 2127 ,42.3338626,-71.0443579
131 ADDISON ST EAST BOSTON MA 2128 ,42.3853205,-71.0164977
135 ADDISON ST EAST BOSTON MA 2128 ,42.3852973,-71.0164164
3 SEAL HARBOR RD #447 WINTHROP MA 2152 ,42.3878619,-70.9683418
3 SEAL HARBOR RD #447 WINTHROP MA 2152 ,42.3878619,-70.9683418
10 GROVE ST BOSTON MA 2128 ,42.360723,-71.0685958
10 GROVE ST BOSTON MA 2128 ,42.360723,-71.0685958
155 ADDISON ST EAST BOSTON MA 2128 ,42.3850097,-71.0152788
800 SARATOGA ST EAST BOSTON MA 2128 ,42.384416,-71.0158121
796 SARATOGA ST EAST BOSTON MA 2128 ,42.3844028,-71.0159513
794 SARATOGA ST EAST BOSTON MA 2128 ,42.3843896,-71.0160907
792 Saratoga ST EAST BOSTON MA 2128 ,42.3843233,-71.0161371
"792 SARATOGA ST, UNIT 1 EAST BOSTON MA 2128 ",42.3843281,-71.0161585
"792 Saratoga ST, Unit 2 EAST BOSTON MA 2128 ",42.384334,-71.016172
790 SARATOGA ST EAST BOSTON MA 2128 ,42.3843101,-71.0162764
788 Saratoga ST EAST BOSTON MA 2128 ,42.3842889,-71.0163693
20 DRUMLIN RD EAST BOSTON MA 2128 ,42.3910497,-71.0064798
784 SARATOGA ST EAST BOSTON MA 2128 ,42.3841714,-71.0165557
114 BYRON ST E BOSTON MA 2128 ,42.3842243,-71.0166486
112 BYRON ST EAST BOSTON MA 2128 ,42.3842773,-71.0167414
108 BYRON ST EAST BOSTON MA 2128 ,42.3843171,-71.0169736
303 FRANKLIN ST MELROSE MA 2176 ,42.4683171,-71.0657711
104 BYRON ST EAST BOSTON MA 2128 ,42.384386,-71.0171593
4 HERRICK DR IPSWICH MA 1938 ,42.6792784,-70.9389136
94 BYRON ST EAST BOSTON MA 2128 ,42.3844735,-71.0176701
90 BYRON ST EAST BOSTON MA 2128 ,42.3844603,-71.0178094
84 BYRON ST EAST BOSTON MA 2128 ,42.3846113,-71.0180415
76 BYRON ST EAST BOSTON MA 2128 ,42.3846378,-71.018413
74 BYRON ST EAST BOSTON MA 2128 ,42.3846246,-71.0185523
72 BYRON ST EAST BOSTON MA 2128 ,42.3846478,-71.0186336
70 BYRON ST EAST BOSTON MA 2128 ,42.3846855,-71.0186916
68 Byron ST EAST BOSTON MA 2128 ,42.3847014,-71.0187845
66 BYRON ST APT 1 EAST BOSTON MA 2128 ,42.3847254,-71.0188795
20C DEL CARMINE ST STE 101 WAKEFIELD MA 1880 ,42.5017311,-71.0599624
64 BYRON ST #1 EAST BOSTON MA 2128 ,42.3847436,-71.0189689
455 PLEASANT ST #A WINTHROP MA 2152 ,42.378128,-70.9918518
64 BYRON ST #3 EAST BOSTON MA 2128 ,42.3847436,-71.0189689
60 BYRON ST EAST BOSTON MA 2128 ,42.3847651,-71.0191559
3780 MYSTIC VALLEY PKWY MEDFORD MA 2155 ,42.4070991,-71.0950422
"58 BYRON ST, Unit 1 EAST BOSTON MA 2128 ",42.384828,-71.019243
"58 Byron ST, Unit 2 EAST BOSTON MA 2128 ",42.384828,-71.019243
"58 Byron ST, Unit 3 EAST BOSTON MA 2128 ",42.384828,-71.019243
"58 Byron ST, Unit 4 EAST BOSTON MA 2128 ",42.384828,-71.019243
56 BYRON ST EAST BOSTON MA 2128 ,42.3848711,-71.0193417
56 BYRON ST #1 EAST BOSTON MA 2128 ,42.3848313,-71.0193611
56 BYRON ST #2 EAST BOSTON MA 2128 ,42.3848313,-71.0193611
52 BYRON ST #1 EAST BOSTON MA 2128 ,42.3848559,-71.0194746
48 BYRON ST EAST BOSTON MA 2128 ,42.3849479,-71.0195738
6 LIBERTY SQ BOSTON MA 2109 ,42.358069,-71.0552308
9 WORDSWORTH ST E BOSTON MA 2128 ,42.3850725,-71.0193769
72 MARGINAL ST EAST BOSTON MA 2128 ,42.3666017,-71.0385022
11 WORDSWORTH ST EAST BOSTON MA 2128 ,42.3852102,-71.0191559
142 N BEACON ST #B3 BRIGHTON MA 2135 ,42.3547363,-71.1456604
15 WORDSWORTH ST EAST BOSTON MA 2128 ,42.3851121,-71.0190166
17 WORDSWORTH ST EAST BOSTON MA 2128 ,42.3850962,-71.0189238
121 WHITMAN AV MELROSE MA 2176 ,42.4525474,-71.0537
21 WORDSWORTH ST EAST BOSTON MA 2128 ,42.3849928,-71.0187836
23 WORDSWORTH ST EAST BOSTON MA 2128 ,42.3850547,-71.0186617
25 WORDSWORTH ST EAST BOSTON MA 2128 ,42.385013,-71.0185803
282 BENNINGTON ST EAST BOSTON MA 2128 ,42.3789479,-71.0288369
29 WORDWORTH ST EAST BOSTON MA 2128 ,42.3850021,-71.0183633
31 WORDSWORTH ST EAST BOSTON MA 2128 ,42.384979,-71.018282
33 WORDSWORTH ST E BOSTON MA 2128 ,42.384949,-71.0182239
35 WORDSWORTH ST EAST BOSTON MA 2128 ,42.3849257,-71.0181425
37 WORDSWORTH ST EAST BOSTON MA 2128 ,42.3849099,-71.0180496
282 BENNINGTON ST EAST BOSTON MA 2128 ,42.3789479,-71.0288369
69 SUNSET RD WINCHESTER MA 1890 ,42.4734052,-71.1170716
43 WORDSWORTH ST EAST BOSTON MA 2128 ,42.3848603,-71.017763
"43 WORDSWORTH ST, Unit 1 EAST BOSTON MA 2128 ",42.3848481,-71.0177764
"43 WORDSWORTH ST, Unit 2 EAST BOSTON MA 2128 ",42.3848481,-71.0177764
"43 WORDSWORTH ST, Unit 3 EAST BOSTON MA 2128 ",42.3848603,-71.017763
45 WORDSWORTH ST EAST BOSTON MA 2128 ,42.3848444,-71.0176701
45 WORDSWORTH ST EAST BOSTON MA 2128 ,42.3848444,-71.0176701
53 WORDSWORTH ST EAST BOSTON MA 2128 ,42.3847156,-71.0173444
1 CANDLEWOOD CT SAUGUS MA 1906 ,42.4673901,-71.0378212
72 MARGINAL ST EAST BOSTON MA 2128 ,42.3666017,-71.0385022
1 CANDLEWOOD CT SAUGUS MA 1906 ,42.4673901,-71.0378212
55 WORDSWORTH ST #2 EAST BOSTON MA 2128 ,42.3847286,-71.0172266
97 TAFT ST REVERE MA 2151 ,42.4038581,-71.0127871
72 MARGINAL ST EAST BOSTON MA 2128 ,42.3666017,-71.0385022
61 WORDSWORTH ST EAST BOSTON MA 2128 ,42.3846149,-71.0169729
63 WORDSWORTH ST E BOSTON MA 2128 ,42.3845989,-71.01688
65 WORDSWORTH ST EAST BOSTON MA 2128 ,42.384582,-71.0167879
156 LINCOLN ST WINTHROP MA 2152 ,42.3796621,-70.9861414
69 WORDSWORTH ST EAST BOSTON MA 2128 ,42.3845771,-71.0165898
71 WORDSWORTH ST EAST BOSTON MA 2128 ,42.3845353,-71.0165086
73 WORDSWORTH ST EAST BOSTON MA 2128 ,42.3845194,-71.0164157
75 WORDSWORTH ST EAST BOSTON MA 2128 ,42.3845035,-71.0163228
794 SARATOGA ST EAST BOSTON MA 2128 ,42.3843896,-71.0160907
760 SARATOGA ST EAST BOSTON MA 2128 ,42.3839789,-71.017158
756 Saratoga ST EAST BOSTON MA 2128 ,42.3838906,-71.0172986
754 SARATOGA ST EAST BOSTON MA 2128 ,42.3838403,-71.0174379
340 EUCLID AV LYNN MA 1904 ,42.4876421,-70.95919
746 SARATOGA ST EAST BOSTON MA 2128 ,42.3837767,-71.0177165
746 SARATOGA ST EAST BOSTON MA 2128 ,42.3837767,-71.0177165
742 SARATOGA ST EAST BOSTON MA 2128 ,42.3837264,-71.0178558
740 SARATOGA ST EAST BOSTON MA 2128 ,42.3837052,-71.0179487
133 PRINCETON STREET EAST BOSTON MA 2128 ,42.3778962,-71.0346316
730 SARATOGA ST EAST BOSTON MA 2128 ,42.3835966,-71.0181808
728 SARATOGA ST EAST BOSTON MA 2128 ,42.3835754,-71.0182737
726 SARATOGA ST EAST BOSTON MA 2128 ,42.3836072,-71.0184594
724 Saratoga ST EAST BOSTON MA 2128 ,42.3834668,-71.0185059
19 SENECA LANE WILMINGTON MA 1887 ,42.5702243,-71.1729566
718 720 Saratoga ST EAST BOSTON MA 2128 ,42.3833743,-71.0186702
714 716 Saratoga ST EAST BOSTON MA 2128 ,42.3833635,-71.0187375
39 MOORE ST EAST BOSTON MA 2128 ,42.3835145,-71.0187845
27 WATER ST SAUGUS MA 1906 ,42.4950599,-71.0229633
31 MOORE ST EAST BOSTON MA 2128 ,42.3837907,-71.0189354
27 MOORE ST EAST BOSTON MA 2128 ,42.3838801,-71.0189702
5133 KLONDIKE AVE LAKEWOOD CA 90712 ,33.8512456,-118.1532965
67 BYRON ST #2 EAST BOSTON MA 2128 ,42.3842879,-71.0190421
19 MOORE ST EAST BOSTON MA 2128 ,42.3841213,-71.0192952
21-35 BATCHELDER ST BOSTON MA 2119 ,42.3218713,-71.0690081
21-35 BATCHELDER STREET BOSTON MA 2119 ,42.3218713,-71.0690081
5 MOORE ST EAST BOSTON MA 2128 ,42.384238,-71.0197568
3 MOORE ST EAST BOSTON MA 2128 ,42.3842074,-71.0199992
1 MOORE ST EAST BOSTON MA 2128 ,42.3842523,-71.0200422
119 WM F MCLELLAN HWY EAST BOSTON MA 2128 ,42.3893635,-71.0149602
121 WILLIAM F MCCLELLAN HIGHWAY EAST BOSTON MA 2128 ,42.3845392,-71.0199899
45 BYRON ST EAST BOSTON MA 2128 ,42.3846142,-71.0199963
49 Byron ST EAST BOSTON MA 2128 ,42.3846214,-71.0198872
53 BYRON ST EAST BOSTON MA 2128 ,42.3845491,-71.0196553
110 K ST SOUTH BOSTON MA 2127 ,42.3384611,-71.0372873
"55 57 Byron ST, Unit 1 EAST BOSTON MA 2128 ",42.3844459,-71.019477
"55 57 Byron ST, Unit 2 EAST BOSTON MA 2128 ",42.3844459,-71.019477
"55 57 Byron ST, Unit 3 EAST BOSTON MA 2128 ",42.3844459,-71.019477
"55 57 BYRON ST, Unit 4 EAST BOSTON MA 2128 ",42.3844459,-71.019477
"55 57 BYRON ST, Unit 5 EAST BOSTON MA 2128 ",42.3844459,-71.019477
59 BYRON ST EAST BOSTON MA 2128 ,42.3845251,-71.0193161
61 BYRON ST EAST BOSTON MA 2128 ,42.3845068,-71.019272
61 BYRON ST EAST BOSTON MA 2128 ,42.3845068,-71.019272
67 Byron ST EAST BOSTON MA 2128 ,42.3843915,-71.0189238
ANN E VELLANTE EAST BOSTON MA 2128 ,42.3695431,-71.0200613
90 LANCASTER AVE REVERE MA 2151 ,42.4395017,-70.9645598
"77 BYRON ST, Unit 1 EAST BOSTON MA 2128 ",42.3842988,-71.0185625
"77 Byron ST, Unit 2 EAST BOSTON MA 2128 ",42.3842988,-71.0185625
"77 Byron ST, Unit 3 EAST BOSTON MA 2128 ",42.3842988,-71.0185625
79 BYRON ST EAST BOSTON MA 2128 ,42.3842828,-71.018499
81 BYRON ST EAST BOSTON MA 2128 ,42.3842298,-71.0184061
83 BYRON ST EAST BOSTON MA 2128 ,42.3842801,-71.0182737
85 Byron ST EAST BOSTON MA 2128 ,42.384198,-71.0182273
87 BYRON ST EAST BOSTON MA 2128 ,42.3842483,-71.018088
89 BYRON ST EAST BOSTON MA 2128 ,42.3842245,-71.0179487
76 BYRON ST EAST BOSTON MA 2128 ,42.3846378,-71.018413
97 BYRON ST EAST BOSTON MA 2128 ,42.384126,-71.017569
72 MARGINAL ST E BOSTON MA 2128 ,42.3666017,-71.0385022
30 MOORE ST #1 BOSTON MA 2128 ,42.3836326,-71.0192642
33 PLEASANR PARK RD #3 WINTHROP MA 2152 ,42.3832664,-70.9903564
36 MOORE ST EAST BOSTON MA 2128 ,42.3834394,-71.0191978
38 MOORE ST EAST BOSTON MA 2128 ,42.3833832,-71.0191398
710 SARATOGA ST EAST BOSTON MA 2128 ,42.3831676,-71.0190513
708 SARATOGA ST EAST BOSTON MA 2128 ,42.3831813,-71.0191954
704 SARATOGA ST EAST BOSTON MA 2128 ,42.3831758,-71.0193317
702 SARATOGA ST EAST BOSTON MA 2128 ,42.3831096,-71.0193781
32 HANCOCK ST REVERE MA 2151 ,42.4137405,-71.0224506
694 Saratoga ST EAST BOSTON MA 2128 ,42.3830383,-71.0195789
690-692 SARATOGA ST EAST BOSTON MA 2128 ,42.3830383,-71.0197386
686 SARATOGA ST EAST BOSTON MA 2128 ,42.382895,-71.0198996
620 BENNINGTON ST EAST BOSTON MA 2128 ,42.3835037,-71.0165557
680 Saratoga ST EAST BOSTON MA 2128 ,42.3828122,-71.0201439
678 SARATOGA ST EAST BOSTON MA 2128 ,42.3827738,-71.0202647
900 CUMMINGS CENTER STE 215-U BEVERLY MA 1915 ,42.5585944,-70.8873378
718 WASHINGTON ST SOUTH EASTON MA 2375 ,42.0398682,-71.0745922
1835 DELACOURT AV MOUNT PLEASENT SC 29466 ,32.8942552,-79.8307029
900 CUMMINGS CTR DR STE 215U BEVERLY MA 1915 ,42.5585944,-70.8873378
1 CHELSEA TERR #2 EAST BOSTON MA 2128 ,42.3737129,-71.0349618
19 CHAUCER ST EAST BOSTON MA 2128 ,42.3830403,-71.020781
72 MARGINAL ST EAST BOSTON MA 2128 ,42.3666017,-71.0385022
72 MARGINAL ST EAST BOSTON MA 2128 ,42.3666017,-71.0385022
76 AURELIA SYLVIA DR REVERE MA 2151 ,42.4236525,-71.0209378
76 AURELIA SYLVIA DR REVERE MA 2151 ,42.4236525,-71.0209378
76 AURELIA SYLVIA DR REVERE MA 2151 ,42.4236525,-71.0209378
37 CHAUCER ST EAST BOSTON MA 2128 ,42.3832731,-71.0201413
39 CHAUCER ST E BOSTON MA 2128 ,42.3833132,-71.0199917
43 CHAUCER ST EAST BOSTON MA 2128 ,42.3833715,-71.0198988
47 CHAUCER ST EAST BOSTON MA 2128 ,42.383451,-71.0197131
131 CAMPBELL AV REVERE MA 2151 ,42.4039323,-70.995063
GEORGE H THIBEAU EAST BOSTON MA 2128 ,42.3695431,-71.0200613
55 CHAUCER ST EAST BOSTON MA 2128 ,42.3835556,-71.0195433
57 CHAUCER ST EAST BOSTON MA 2128 ,42.3835079,-71.0195043
485 HARRISON AVE #507 BOSTON MA 2118 ,42.3420127,-71.0664456
SARATOGA ST EAST BOSTON MA 2128 ,42.3812725,-71.0238488
"50 FRANKLIN ST, STE 400 BOSTON MA 2110 ",42.355777,-71.0585868
"50 FRANKLIN ST, STE 400 BOSTON MA 2110 ",42.355777,-71.0585868
"50 FRANKLIN ST, STE 400 BOSTON MA 2110 ",42.355777,-71.0585868
638 Saratoga ST EAST BOSTON MA 2128 ,42.3823224,-71.0215704
636 SARATOGA ST EAST BOSTON MA 2128 ,42.3822932,-71.0216168
42 JOEY RD REVERE MA 2151 ,42.421595,-71.0235234
677 SARATOGA ST BOSTON MA 2128 ,42.3825389,-71.020073
224 ARBORWAY JAMAICA PLAIN MA 2130 ,42.3060753,-71.1190657
622-624 SARATOGA ST EAST BOSTON MA 2128 ,42.3821663,-71.021978
618 SARATOGA ST EAST BOSTON MA 2128 ,42.3821165,-71.0220567
614 SARATOGA ST EAST BOSTON MA 2128 ,42.382096,-71.0221479
610 SARATOGA ST EAST BOSTON MA 2128 ,42.3820683,-71.0222087
51 SCHOOL ST #2 CHARLESTOWN MA 2129 ,42.3779749,-71.0640257
602 604 Saratoga ST EAST BOSTON MA 2128 ,42.3819739,-71.0223822
WM F MCCLELLAN HGWY EAST BOSTON MA 2128 ,42.3893635,-71.0149602
WM F MCCLELLAN HWY EAST BOSTON MA 2128 ,42.3893635,-71.0149602
WM F MCCLELLAN HWY EAST BOSTON MA 2128 ,42.3893635,-71.0149602
636 SARATOGA ST EAST BOSTON MA 2128 ,42.3822932,-71.0216168
638 Saratoga ST EAST BOSTON MA 2128 ,42.3823224,-71.0215704
"50 FRANKLIN ST, STE 400 BOSTON MA 2110 ",42.355777,-71.0585868
"50 FRANKLIN ST, STE 400 BOSTON MA 2110 ",42.355777,-71.0585868
"50 FRANKLIN ST, STE 400 BOSTON MA 2110 ",42.355777,-71.0585868
3 CHAUCER ST EAST BOSTON MA 2128 ,42.3827093,-71.0214291
5 CHAUCER ST EAST BOSTON MA 2128 ,42.3827756,-71.0213826
22 OLD COOACH RD ATKINSON NH 3811 ,42.8300224,-71.1760199
50 FRANKLIN STREET SUITE 400 BOSTON MA 2110 ,42.355777,-71.0585868
58 MOORE ST EAST BOSTON MA 2128 ,42.3827869,-71.0187269
BENNINGTON ST EAST BOSTON MA 2128 ,42.3840004,-71.0148147
548 BENNINGTON ST EAST BOSTON MA 2128 ,42.382466,-71.0194281
546 Bennington ST EAST BOSTON MA 2128 ,42.3824123,-71.019476
544 BENNINGTON ST EAST BOSTON MA 2128 ,42.3824129,-71.0195341
677 SARATOGA ST EAST BOSTON MA 2128 ,42.3825389,-71.020073
677 SARATOGA ST EAST BOSTON MA 2128 ,42.3825389,-71.020073
536 BENNINGTON ST EAST BOSTON MA 2128 ,42.3823275,-71.0198475
534 BENNINGTON ST EAST BOSTON MA 2128 ,42.3822705,-71.0199914
640 WILLARD ST QUINCY MA 2169 ,42.2352169,-71.0282565
530 BENNINGTON ST E BOSTON MA 2128 ,42.3821872,-71.020131
PO BOX 120505 BOSTON MA 2112 ,42.3600825,-71.0588801
524 BENNINGTON ST EAST BOSTON MA 2128 ,42.3821236,-71.0204096
101 TREMONT ST BOSTON MA 2108 ,42.3571562,-71.0609101
667 SARATOGA ST EAST BOSTON MA 2128 ,42.3823991,-71.0205025
4 WHITE ST EAST BOSTON MA 2128 ,42.3805958,-71.0397273
671 SARATOGA ST E BOSTON MA 2128 ,42.3824415,-71.0203167
673 Saratoga ST EAST BOSTON MA 2128 ,42.3824627,-71.0202239
677 SARATOGA ST EAST BOSTON MA 2128 ,42.3825389,-71.020073
677 Saratoga ST EAST BOSTON MA 2128 ,42.3825389,-71.020073
677 SARATOGA ST EAST BOSTON MA 2128 ,42.3825389,-71.020073
681 SARATOGA ST EAST BOSTON MA 2128 ,42.3826223,-71.0199104
282 BENNINGTON ST EAST BOSTON MA 2128 ,42.3789479,-71.0288369
685 SARATOGA ST EAST BOSTON MA 2128 ,42.3825766,-71.019806
685 SARATOGA ST #1 EAST BOSTON MA 2128 ,42.382576,-71.019772
685 SARATOGA ST #2 EAST BOSTON MA 2128 ,42.382576,-71.019772
689 SARATOGA ST EAST BOSTON MA 2128 ,42.3827011,-71.0196667
691 SARATOGA ST EAST BOSTON MA 2128 ,42.3826852,-71.0195738
516 BENNINGTON ST EAST BOSTON MA 2128 ,42.3820185,-71.0206415
JAMES LAWRENCE EAST BOSTON MA 2128 ,42.3695431,-71.0200613
510 BENNINGTON ST EAST BOSTON MA 2128 ,42.3819423,-71.0207925
508 BENNINGTON ST EAST BOSTON MA 2128 ,42.3819098,-71.0208737
395 BEACON ST 4F BOSTON MA 2116 ,42.3517785,-71.0850603
504 BENNINGTON ST EAST BOSTON MA 2128 ,42.3818747,-71.0210478
498 BENNINGTON ST EAST BOSTON MA 2128 ,42.3818463,-71.0211523
496 Bennington ST EAST BOSTON MA 2128 ,42.3817953,-71.0212336
496 BENNINGTON ST EAST BOSTON MA 2128 ,42.3817953,-71.0212336
174 DORCHESTER ST SOUTH BOSTON MA 2127 ,42.3336591,-71.0491338
100 SWIFT ST EAST BOSTON MA 2128 ,42.3816284,-71.0223792
629 SARATOGA ST EAST BOSTON MA 2128 ,42.3819011,-71.0217097
5 HERSEY ST SOMERVILLE MA 2143 ,42.3865873,-71.1016617
"631 Saratoga ST, Unit 1 EAST BOSTON MA 2128 ",42.3819758,-71.0216406
"631 SARATOGA ST, Unit 2 EAST BOSTON MA 2128 ",42.3819704,-71.021627
"631 Saratoga ST, Unit 3 EAST BOSTON MA 2128 ",42.3819704,-71.021627
"631 SARATOGA ST, Unit 4 EAST BOSTON MA 2128 ",42.3819704,-71.021627
635 SARATOGA ST EAST BOSTON MA 2128 ,42.3819435,-71.021524
637 SARATOGA ST EAST BOSTON MA 2128 ,42.382068,-71.0213847
639 SARATOGA ST EAST BOSTON MA 2128 ,42.3820521,-71.0212918
641 SARATOGA ST EAST BOSTON MA 2128 ,42.3820733,-71.0211989
1 CHELSEA TERRACE #1 EAST BOSTON MA 2128 ,42.3737129,-71.0349618
2 NEPTUNE RD #222 BOSTON MA 2128 ,42.3804142,-71.0257583
"280 MERRIMAC ST, Unit B METHUEN MA 1844 ",42.7400321,-71.1332931
653 Saratoga ST EAST BOSTON MA 2128 ,42.3822811,-71.0208586
259 OAKWOOD AVE REVERE MA 2151 ,42.4167123,-71.0209436
21 BOSSON ST REVERE MA 2151 ,42.4191251,-70.9952891
519 BENNINGTON ST EAST BOSTON MA 2128 ,42.3817906,-71.020198
521 BENNINGTON ST EAST BOSTON MA 2128 ,42.3817723,-71.0200826
523 Bennington ST EAST BOSTON MA 2128 ,42.3817822,-71.0199781
525 BENNINGTON ST EAST BOSTON MA 2128 ,42.3818135,-71.0198988
527 Bennington ST EAST BOSTON MA 2128 ,42.3818358,-71.019804
"527 Bennington ST, Unit 1 EAST BOSTON MA 2128 ",42.3818604,-71.0197885
"527 Bennington ST, Unit 2 EAST BOSTON MA 2128 ",42.3818604,-71.0197885
"527 BENNINGTON ST, Unit 3 EAST BOSTON MA 2128 ",42.3818604,-71.0197885
529 BENNINGTON ST EAST BOSTON MA 2128 ,42.3819222,-71.0196667
ONE CURTIS STREET EAST BOSTON MA 2128 ,42.3829821,-71.0211375
153 NEWMAN ST REVERE MA 2151 ,42.4234989,-71.0108327